{"schemaVersion":"1.0","appDefinitionTemplate":{"id":"/providers/Microsoft.PowerApps/apps/","type":"Microsoft.PowerApps/apps","tags":{"primaryDeviceWidth":"640","primaryDeviceHeight":"1136","supportsPortrait":"true","supportsLandscape":"true","primaryFormFactor":"Phone","showStatusBar":"false","publisherVersion":"3.24051.23","minimumRequiredApiVersion":"2.2.0","hasComponent":"false","hasUnlockedComponent":"false","isUnifiedRootApp":"false","sienaVersion":"20240519T111957Z-3.24051.23.0"},"properties":{"appVersion":"2024-05-19T11:19:57Z","lifeCycleId":"Published","createdByClientVersion":{"major":3,"minor":24051,"build":23,"revision":0,"majorRevision":0,"minorRevision":0},"minClientVersion":{"major":3,"minor":24051,"build":23,"revision":0,"majorRevision":0,"minorRevision":0},"backgroundColor":"RGBA(0,176,240,1)","backgroundImageUri":"/2516061073652114236/N570ccd81-1076-4b51-a1f4-bf9c10cc9ae0-logoSmallFile","displayName":"RemoteDoc","description":"","commitMessage":"","appUris":{"documentUri":{"value":"/2516061073652114236/N1bd64767-86e7-4aea-baf7-2b3b191e9b95-document.msapp"},"imageUris":[],"additionalUris":[{"isSolutionAware":false,"value":"/2516061073652114236/Nbaba1ef6-c03c-4e43-9574-3d653506ea82-identity.json"}]},"createdTime":"0001-01-01T00:00:00Z","lastModifiedTime":"0001-01-01T00:00:00Z","sharedGroupsCount":0,"sharedUsersCount":0,"connectionReferences":{"10b48c7a-a44b-4f34-ae0f-7d8ef57bc471":{"id":"fa0684e3-811d-4ed8-a2be-c9aaa682a18b","displayName":"SharePoint","iconUri":"https://connectoricons-prod.azureedge.net/releases/v1.0.1685/1.0.1685.3700/sharepointonline/icon.png","dataSources":["user-login","clinics","ai-chat","doctor-chat","admin-chat","clinics-result","doctors","appointments"],"dependencies":[],"dependents":[],"parameterHints":{},"parameterHintsV2":{},"isOnPremiseConnection":false,"bypassConsent":false,"dataSets":{"https://unisydneyedu.sharepoint.com/sites/RemoteDoc":{"dataSources":{"user-login":{"tableName":"6ae55239-33fc-4f23-84b3-06ff54ac98df"},"clinics":{"tableName":"f1d23c23-f27f-439e-bd1b-f119da8b43b1"},"ai-chat":{"tableName":"fd19672f-d1ff-4b69-8779-97d3744e7ae7"},"doctor-chat":{"tableName":"c217b79c-cd3b-4f10-b5b1-083961163f3d"},"admin-chat":{"tableName":"1c7f1d10-7790-4c1c-8fcc-e823f7f76e81"},"clinics-result":{"tableName":"0ebd4c2d-1eb6-4855-8798-db0252724532"},"doctors":{"tableName":"b78e34b8-1d93-4255-9e4d-2b805c1cb6da"},"appointments":{"tableName":"edbdfb89-d7cb-4cc4-a9a8-52aacd7a9925"}}}},"apiTier":"Standard","isCustomApiConnection":false,"actions":["providers/PowerPlatform.Governance/Operations/Read","providers/PowerPlatform.Governance/Operations/Write","providers/PowerPlatform.Governance/Operations/Delete"]}},"databaseReferences":{},"almMode":"Environment","performanceOptimizationEnabled":false,"canConsumeAppPass":false,"enableModernRuntimeMode":false,"executionRestrictions":{"isTeamsOnly":false,"dataLossPreventionEvaluationResult":{"status":"Compliant","lastEvaluationDate":"2024-05-15T10:14:01.4349528Z","violations":[],"violationsByPolicy":[],"violationErrorMessage":"The app uses the following connectors: shared_sharepointonline."}}},"appType":"ClassicCanvasApp","appComponents":[]}}