{"schemaVersion":"1.0","appDefinitionTemplate":{"id":"/providers/Microsoft.PowerApps/apps/","type":"Microsoft.PowerApps/apps","tags":{"primaryDeviceWidth":"640","primaryDeviceHeight":"1136","supportsPortrait":"true","supportsLandscape":"true","primaryFormFactor":"Phone","showStatusBar":"false","publisherVersion":"3.24051.23","minimumRequiredApiVersion":"2.2.0","hasComponent":"false","hasUnlockedComponent":"false","isUnifiedRootApp":"false","sienaVersion":"20240515T101357Z-3.24051.23.0"},"properties":{"appVersion":"2024-05-15T10:13:57Z","lifeCycleId":"Published","createdByClientVersion":{"major":3,"minor":24051,"build":23,"revision":0,"majorRevision":0,"minorRevision":0},"minClientVersion":{"major":3,"minor":24051,"build":23,"revision":0,"majorRevision":0,"minorRevision":0},"backgroundColor":"RGBA(0,176,240,1)","backgroundImageUri":"/2516061073652114236/Ndc87df98-e1d3-41d6-a3e8-85ac6b8e06fd-logoSmallFile","displayName":"RemoteDoc","description":"","commitMessage":"","appUris":{"documentUri":{"value":"/2516061073652114236/N75e8fc4d-0168-4b51-ae4f-a7beeb67bc40-document.msapp"},"imageUris":[],"additionalUris":[{"isSolutionAware":false,"value":"/2516061073652114236/N2fb59ca0-3149-4fbe-baa4-384429e2f75c-identity.json"}]},"createdTime":"0001-01-01T00:00:00Z","lastModifiedTime":"0001-01-01T00:00:00Z","sharedGroupsCount":0,"sharedUsersCount":0,"connectionReferences":{"10b48c7a-a44b-4f34-ae0f-7d8ef57bc471":{"id":"fa0684e3-811d-4ed8-a2be-c9aaa682a18b","displayName":"SharePoint","iconUri":"https://connectoricons-prod.azureedge.net/releases/v1.0.1685/1.0.1685.3700/sharepointonline/icon.png","dataSources":["user-login"],"dependencies":[],"dependents":[],"parameterHints":{},"parameterHintsV2":{},"isOnPremiseConnection":false,"bypassConsent":false,"dataSets":{"https://unisydneyedu.sharepoint.com/sites/RemoteDoc":{"dataSources":{"user-login":{"tableName":"6ae55239-33fc-4f23-84b3-06ff54ac98df"}}}},"apiTier":"Standard","isCustomApiConnection":false,"actions":["providers/PowerPlatform.Governance/Operations/Read","providers/PowerPlatform.Governance/Operations/Write"]}},"databaseReferences":{},"almMode":"Environment","performanceOptimizationEnabled":false,"canConsumeAppPass":false,"enableModernRuntimeMode":false,"executionRestrictions":{"isTeamsOnly":false,"dataLossPreventionEvaluationResult":{"status":"Compliant","lastEvaluationDate":"2024-05-15T10:14:01.4349528Z","violations":[],"violationsByPolicy":[],"violationErrorMessage":"The app uses the following connectors: shared_sharepointonline."}}},"appType":"ClassicCanvasApp","appComponents":[]}}